id|name|alpha2|alpha3|states
4|afghanistan|af|afg|badakhshan, badghis, baghlan, balkh, bamian, daykondi, farah, faryab, ghazni, ghowr, helmand, herat, jowzjan, kabul, kandahar, kapisa, khost, konar, kondoz, laghman, lowgar, nangarhar, nimruz, nurestan, oruzgan, paktia, paktika, panjshir, parvan, samangan, sar-e pol, takhar, vardak, zabol
8|albania|al|alb|berat, dibres, durres, elbasan, fier, gjirokastre, korce, kukes, lezhe, shkoder, tirane, vlore
12|algeria|dz|dza|adrar, ain defla, ain temouchent, alger, annaba, batna, bechar, bejaia, biskra, blida, bordj bou arreridj, bouira, boumerdes, chlef, constantine, djelfa, el bayadh, el oued, el tarf, ghardaia, guelma, illizi, jijel, khenchela, laghouat, muaskar, medea, mila, mostaganem, m'sila, naama, oran, ouargla, oum el bouaghi, relizane, saida, setif, sidi bel abbes, skikda, souk ahras, tamanghasset, tebessa, tiaret, tindouf, tipaza, tissemsilt, tizi ouzou, tlemcen
20|andorra|ad|and|andorra la vella, canillo, encamp, escaldes-engordany, la massana, ordino, sant julia de loria
24|angola|ao|ago|bengo, benguela, bie, cabinda, cuando cubango, cuanza norte, cuanza sul, cunene, huambo, huila, luanda, lunda norte, lunda sul, malanje, moxico, namibe, uige, zaire
28|antigua and barbuda|ag|atg|nan
32|argentina|ar|arg|barbuda, redonda, saint george, saint john, saint mary, saint paul, saint peter, saint philip
51|armenia|am|arm|buenos aires, buenos aires capital, catamarca, chaco, chubut, cordoba, corrientes, entre rios, formosa, jujuy, la pampa, la rioja, mendoza, misiones, neuquen, rio negro, salta, san juan, san luis, santa cruz, santa fe, santiago del estero, tierra del fuego, tucuman
36|australia|au|aus|aragatsotn, ararat, armavir, geghark'unik', kotayk', lorri, shirak, syunik', tavush, vayots' dzor, yerevan
40|austria|at|aut|nan
31|azerbaijan|az|aze|burgenland, kaernten, niederoesterreich, oberoesterreich, salzburg, steiermark, tirol, vorarlberg, wien
44|bahamas|bs|bhs|abseron rayonu, agcabadi rayonu, agdam rayonu, agdas rayonu, agstafa rayonu, agsu rayonu, astara rayonu, balakan rayonu, barda rayonu, beylaqan rayonu, bilasuvar rayonu, cabrayil rayonu, calilabad rayonu, daskasan rayonu, davaci rayonu, fuzuli rayonu, gadabay rayonu, goranboy rayonu, goycay rayonu, haciqabul rayonu, imisli rayonu, ismayilli rayonu, kalbacar rayonu, kurdamir rayonu, lacin rayonu, lankaran rayonu, lerik rayonu, masalli rayonu, neftcala rayonu, oguz rayonu, qabala rayonu, qax rayonu, qazax rayonu, qobustan rayonu, quba rayonu, qubadli rayonu, qusar rayonu, saatli rayonu, sabirabad rayonu, saki rayonu, salyan rayonu, samaxi rayonu, samkir rayonu, samux rayonu, siyazan rayonu, susa rayonu, tartar rayonu, tovuz rayonu, ucar rayonu, xacmaz rayonu, xanlar rayonu, xizi rayonu, xocali rayonu, xocavand rayonu, yardimli rayonu, yevlax rayonu, zangilan rayonu, zaqatala rayonu, zardab rayonu, ali bayramli sahari, baki sahari, ganca sahari, lankaran sahari, mingacevir sahari, naftalan sahari, saki sahari, sumqayit sahari, susa sahari, xankandi sahari, yevlax sahari, naxcivan muxtar
48|bahrain|bh|bhr|acklins and crooked islands, bimini, cat island, exuma, freeport, fresh creek, governor's harbour, green turtle cay, harbour island, high rock, inagua, kemps bay, long island, marsh harbour, mayaguana, new providence, nichollstown and berry islands, ragged island, rock sound, sandy point, san salvador and rum cay
50|bangladesh|bd|bgd|al hadd, al manamah, al mintaqah al gharbiyah, al mintaqah al wusta, al mintaqah ash shamaliyah, al muharraq, ar rifa' wa al mintaqah al janubiyah, jidd hafs, madinat hamad, madinat 'isa, juzur hawar, sitrah
52|barbados|bb|brb|barisal, chittagong, dhaka, khulna, rajshahi, sylhet
112|belarus|by|blr|christ church, saint andrew, saint george, saint james, saint john, saint joseph, saint lucy, saint michael, saint peter, saint philip, saint thomas
56|belgium|be|bel|brest, homyel, horad minsk, hrodna, mahilyow, minsk, vitsyebsk
84|belize|bz|blz|antwerpen, brabant wallon, brussels, flanders, hainaut, liege, limburg, luxembourg, namur, oost-vlaanderen, vlaams-brabant, wallonia, west-vlaanderen
204|benin|bj|ben|belize, cayo, corozal, orange walk, stann creek, toledo
64|bhutan|bt|btn|alibori, atakora, atlantique, borgou, collines, donga, kouffo, littoral, mono, oueme, plateau, zou
68|bolivia (plurinational state of)|bo|bol|devonshire, hamilton, hamilton, paget, pembroke, saint george, saint george's, sandys, smith's, southampton, warwick
70|bosnia and herzegovina|ba|bih|bumthang, chukha, dagana, gasa, haa, lhuntse, mongar, paro, pemagatshel, punakha, samdrup jongkhar, samtse, sarpang, thimphu, trashigang, trashiyangste, trongsa, tsirang, wangdue phodrang, zhemgang
72|botswana|bw|bwa|chuquisaca, cochabamba, beni, la paz, oruro, pando, potosi, santa cruz, tarija
76|brazil|br|bra|una-sana [federation], posavina [federation], tuzla [federation], zenica-doboj [federation], bosnian podrinje [federation], central bosnia [federation], herzegovina-neretva [federation], west herzegovina [federation], sarajevo [federation],  west bosnia [federation], banja luka [rs], bijeljina [rs], doboj [rs], fo?a [rs], sarajevo-romanija [rs], trebinje [rs], vlasenica [rs]
96|brunei darussalam|bn|brn|central, ghanzi, kgalagadi, kgatleng, kweneng, north east, north west, south east, southern
100|bulgaria|bg|bgr|acre, alagoas, amapa, amazonas, bahia, ceara, distrito federal, espirito santo, goias, maranhao, mato grosso, mato grosso do sul, minas gerais, para, paraiba, parana, pernambuco, piaui, rio de janeiro, rio grande do norte, rio grande do sul, rondonia, roraima, santa catarina, sao paulo, sergipe, tocantins
854|burkina faso|bf|bfa|belait, brunei and muara, temburong, tutong
108|burundi|bi|bdi|blagoevgrad, burgas, dobrich, gabrovo, khaskovo, kurdzhali, kyustendil, lovech, montana, pazardzhik, pernik, pleven, plovdiv, razgrad, ruse, shumen, silistra, sliven, smolyan, sofiya, sofiya-grad, stara zagora, turgovishte, varna, veliko turnovo, vidin, vratsa, yambol
132|cabo verde|cv|cpv|bale, bam, banwa, bazega, bougouriba, boulgou, boulkiemde, comoe, ganzourgou, gnagna, gourma, houet, ioba, kadiogo, kenedougou, komondjari, kompienga, kossi, koulpelogo, kouritenga, kourweogo, leraba, loroum, mouhoun, namentenga, nahouri, nayala, noumbiel, oubritenga, oudalan, passore, poni, sanguie, sanmatenga, seno, sissili, soum, sourou, tapoa, tuy, yagha, yatenga, ziro, zondoma, zoundweogo
116|cambodia|kh|khm|ayeyarwady, bago, magway, mandalay, sagaing, tanintharyi, yangon, chin state, kachin state, kayin state, kayah state, mon state, rakhine state, shan state
120|cameroon|cm|cmr|bubanza, bujumbura mairie, bujumbura rural, bururi, cankuzo, cibitoke, gitega, karuzi, kayanza, kirundo, makamba, muramvya, muyinga, mwaro, ngozi, rutana, ruyigi
124|canada|ca|can|banteay mean chey, batdambang, kampong cham, kampong chhnang, kampong spoe, kampong thum, kampot, kandal, koh kong, kracheh, mondol kiri, otdar mean chey, pouthisat, preah vihear, prey veng, rotanakir, siem reab, stoeng treng, svay rieng, takao, keb, pailin, phnom penh, preah seihanu
140|central african republic|cf|caf|adamaoua, centre, est, extreme-nord, littoral, nord, nord-ouest, ouest, sud, sud-ouest
148|chad|td|tcd|alberta, british columbia, manitoba, new brunswick, newfoundland and labrador, northwest territories, nova scotia, nunavut, ontario, prince edward island, quebec, saskatchewan, yukon territory
152|chile|cl|chl|nan
156|china|cn|chn|bamingui-bangoran, bangui, basse-kotto, haute-kotto, haut-mbomou, kemo, lobaye, mambere-kadei, mbomou, nana-grebizi, nana-mambere, ombella-mpoko, ouaka, ouham, ouham-pende, sangha-mbaere, vakaga
170|colombia|co|col|batha, biltine, borkou-ennedi-tibesti, chari-baguirmi, guã©ra, kanem, lac, logone occidental, logone oriental, mayo-kebbi, moyen-chari, ouaddaã¯, salamat, tandjile
174|comoros|km|com|aysen, antofagasta, araucania, atacama, bio-bio, coquimbo, o'higgins, los lagos, magallanes y la antartica chilena, maule, santiago region metropolitana, tarapaca, valparaiso
178|congo|cg|cog|anhui, fujian, gansu, guangdong, guizhou, hainan, hebei, heilongjiang, henan, hubei, hunan, jiangsu, jiangxi, jilin, liaoning, qinghai, shaanxi, shandong, shanxi, sichuan, yunnan, zhejiang, guangxi, nei mongol, ningxia, xinjiang, xizang (tibet), beijing, chongqing, shanghai, tianjin
180|congo, democratic republic of the|cd|cod|amazonas, antioquia, arauca, atlantico, bogota district capital, bolivar, boyaca, caldas, caqueta, casanare, cauca, cesar, choco, cordoba, cundinamarca, guainia, guaviare, huila, la guajira, magdalena, meta, narino, norte de santander, putumayo, quindio, risaralda, san andres & providencia, santander, sucre, tolima, valle del cauca, vaupes, vichada
188|costa rica|cr|cri|grande comore (njazidja), anjouan (nzwani), moheli (mwali)
384|côte d'ivoire|ci|civ|bandundu, bas-congo, equateur, kasai-occidental, kasai-oriental, katanga, kinshasa, maniema, nord-kivu, orientale, sud-kivu
191|croatia|hr|hrv|bouenza, brazzaville, cuvette, cuvette-ouest, kouilou, lekoumou, likouala, niari, plateaux, pool, sangha
192|cuba|cu|cub|alajuela, cartago, guanacaste, heredia, limon, puntarenas, san jose
196|cyprus|cy|cyp|nan
203|czechia|cz|cze|bjelovarsko-bilogorska, brodsko-posavska, dubrovacko-neretvanska, istarska, karlovacka, koprivnicko-krizevacka, krapinsko-zagorska, licko-senjska, medimurska, osjecko-baranjska, pozesko-slavonska, primorsko-goranska, sibensko-kninska, sisacko-moslavacka, splitsko-dalmatinska, varazdinska, viroviticko-podravska, vukovarsko-srijemska, zadarska, zagreb, zagrebacka
208|denmark|dk|dnk|camaguey, ciego de avila, cienfuegos, ciudad de la habana, granma, guantanamo, holguin, isla de la juventud, la habana, las tunas, matanzas, pinar del rio, sancti spiritus, santiago de cuba, villa clara
262|djibouti|dj|dji|famagusta, kyrenia, larnaca, limassol, nicosia, paphos
212|dominica|dm|dma|jihocesky kraj, jihomoravsky kraj, karlovarsky kraj, kralovehradecky kraj, liberecky kraj, moravskoslezsky kraj, olomoucky kraj, pardubicky kraj, plzensky kraj, praha, stredocesky kraj, ustecky kraj, vysocina, zlinsky kraj
214|dominican republic|do|dom|arhus, bornholm, frederiksberg, frederiksborg, fyn, kobenhavn, kobenhavns, nordjylland, ribe, ringkobing, roskilde, sonderjylland, storstrom, vejle, vestsjalland, viborg
218|ecuador|ec|ecu|ali sabih, dikhil, djibouti, obock, tadjoura
818|egypt|eg|egy|saint andrew, saint david, saint george, saint john, saint joseph, saint luke, saint mark, saint patrick, saint paul, saint peter
222|el salvador|sv|slv|azua, baoruco, barahona, dajabon, distrito nacional, duarte, elias pina, el seibo, espaillat, hato mayor, independencia, la altagracia, la romana, la vega, maria trinidad sanchez, monsenor nouel, monte cristi, monte plata, pedernales, peravia, puerto plata, salcedo, samana, sanchez ramirez, san cristobal, san jose de ocoa, san juan, san pedro de macoris, santiago, santiago rodriguez, santo domingo, valverde
226|equatorial guinea|gq|gnq|aileu, ainaro, baucau, bobonaro, cova-lima, dili, ermera, lautem, liquica, manatuto, manufahi, oecussi, viqueque
232|eritrea|er|eri|azuay, bolivar, canar, carchi, chimborazo, cotopaxi, el oro, esmeraldas, galapagos, guayas, imbabura, loja, los rios, manabi, morona-santiago, napo, orellana, pastaza, pichincha, sucumbios, tungurahua, zamora-chinchipe
233|estonia|ee|est|ad daqahliyah, al bahr al ahmar, al buhayrah, al fayyum, al gharbiyah, al iskandariyah, al isma'iliyah, al jizah, al minufiyah, al minya, al qahirah, al qalyubiyah, al wadi al jadid, ash sharqiyah, as suways, aswan, asyut, bani suwayf, bur sa'id, dumyat, janub sina', kafr ash shaykh, matruh, qina, shamal sina', suhaj
748|eswatini|sz|swz|ahuachapan, cabanas, chalatenango, cuscatlan, la libertad, la paz, la union, morazan, san miguel, san salvador, santa ana, san vicente, sonsonate, usulutan
231|ethiopia|et|eth|annobon, bioko norte, bioko sur, centro sur, kie-ntem, litoral, wele-nzas
242|fiji|fj|fji|anseba, debub, debubawi k'eyih bahri, gash barka, ma'akel, semenawi keyih bahri
246|finland|fi|fin|harjumaa (tallinn), hiiumaa (kardla), ida-virumaa (johvi), jarvamaa (paide), jogevamaa (jogeva), laanemaa (haapsalu), laane-virumaa (rakvere), parnumaa (parnu), polvamaa (polva), raplamaa (rapla), saaremaa (kuressaare), tartumaa (tartu), valgamaa (valga), viljandimaa (viljandi), vorumaa (voru)
250|france|fr|fra|addis ababa, afar, amhara, binshangul gumuz, dire dawa, gambela hizboch, harari, oromia, somali, tigray, southern nations, nationalities, and peoples region
266|gabon|ga|gab|central (suva), eastern (levuka), northern (labasa), rotuma, western (lautoka)
270|gambia|gm|gmb|aland, etela-suomen laani, ita-suomen laani, lansi-suomen laani, lappi, oulun laani
268|georgia|ge|geo|alsace, aquitaine, auvergne, basse-normandie, bourgogne, bretagne, centre, champagne-ardenne, corse, franche-comte, haute-normandie, ile-de-france, languedoc-roussillon, limousin, lorraine, midi-pyrenees, nord-pas-de-calais, pays de la loire, picardie, poitou-charentes, provence-alpes-cote d'azur, rhone-alpes
276|germany|de|deu|estuaire, haut-ogooue, moyen-ogooue, ngounie, nyanga, ogooue-ivindo, ogooue-lolo, ogooue-maritime, woleu-ntem
288|ghana|gh|gha|banjul, central river, lower river, north bank, upper river, western
300|greece|gr|grc|nan
308|grenada|gd|grd|baden-wuerttemberg, bayern, berlin, brandenburg, bremen, hamburg, hessen, mecklenburg-vorpommern, niedersachsen, nordrhein-westfalen, rheinland-pfalz, saarland, sachsen, sachsen-anhalt, schleswig-holstein, thueringen
320|guatemala|gt|gtm|ashanti, brong-ahafo, central, eastern, greater accra, northern, upper east, upper west, volta, western
324|guinea|gn|gin|agion oros, achaia, aitolia kai akarmania, argolis, arkadia, arta, attiki, chalkidiki, chanion, chios, dodekanisos, drama, evros, evrytania, evvoia, florina, fokidos, fthiotis, grevena, ileia, imathia, ioannina, irakleion, karditsa, kastoria, kavala, kefallinia, kerkyra, kilkis, korinthia, kozani, kyklades, lakonia, larisa, lasithi, lefkas, lesvos, magnisia, messinia, pella, pieria, preveza, rethynnis, rodopi, samos, serrai, thesprotia, thessaloniki, trikala, voiotia, xanthi, zakynthos
624|guinea-bissau|gw|gnb|avannaa (nordgronland), tunu (ostgronland), kitaa (vestgronland)
328|guyana|gy|guy|carriacou and petit martinique, saint andrew, saint david, saint george, saint john, saint mark, saint patrick
332|haiti|ht|hti|alta verapaz, baja verapaz, chimaltenango, chiquimula, el progreso, escuintla, guatemala, huehuetenango, izabal, jalapa, jutiapa, peten, quetzaltenango, quiche, retalhuleu, sacatepequez, san marcos, santa rosa, solola, suchitepequez, totonicapan, zacapa
340|honduras|hn|hnd|beyla, boffa, boke, conakry, coyah, dabola, dalaba, dinguiraye, dubreka, faranah, forecariah, fria, gaoual, gueckedou, kankan, kerouane, kindia, kissidougou, koubia, koundara, kouroussa, labe, lelouma, lola, macenta, mali, mamou, mandiana, nzerekore, pita, siguiri, telimele, tougue, yomou
348|hungary|hu|hun|bafata, biombo, bissau, bolama, cacheu, gabu, oio, quinara, tombali
352|iceland|is|isl|barima-waini, cuyuni-mazaruni, demerara-mahaica, east berbice-corentyne, essequibo islands-west demerara, mahaica-berbice, pomeroon-supenaam, potaro-siparuni, upper demerara-berbice, upper takutu-upper essequibo
356|india|in|ind|artibonite, centre, grand 'anse, nord, nord-est, nord-ouest, ouest, sud, sud-est
360|indonesia|id|idn|atlantida, choluteca, colon, comayagua, copan, cortes, el paraiso, francisco morazan, gracias a dios, intibuca, islas de la bahia, la paz, lempira, ocotepeque, olancho, santa barbara, valle, yoro
364|iran (islamic republic of)|ir|irn|nan
368|iraq|iq|irq|bacs-kiskun, baranya, bekes, borsod-abauj-zemplen, csongrad, fejer, gyor-moson-sopron, hajdu-bihar, heves, jasz-nagykun-szolnok, komarom-esztergom, nograd, pest, somogy, szabolcs-szatmar-bereg, tolna, vas, veszprem, zala, bekescsaba, debrecen, dunaujvaros, eger, gyor, hodmezovasarhely, kaposvar, kecskemet, miskolc, nagykanizsa, nyiregyhaza, pecs, sopron, szeged, szekesfehervar, szolnok, szombathely, tatabanya, veszprem, zalaegerszeg
372|ireland|ie|irl|austurland, hofudhborgarsvaedhi, nordhurland eystra, nordhurland vestra, sudhurland, sudhurnes, vestfirdhir, vesturland
376|israel|il|isr|andaman and nicobar islands, andhra pradesh, arunachal pradesh, assam, bihar, chandigarh, chhattisgarh, dadra and nagar haveli, daman and diu, delhi, goa, gujarat, haryana, himachal pradesh, jammu and kashmir, jharkhand, karnataka, kerala, lakshadweep, madhya pradesh, maharashtra, manipur, meghalaya, mizoram, nagaland, orissa, pondicherry, punjab, rajasthan, sikkim, tamil nadu, tripura, uttaranchal, uttar pradesh, west bengal
380|italy|it|ita|aceh, bali, banten, bengkulu, gorontalo, irian jaya barat, jakarta raya, jambi, jawa barat, jawa tengah, jawa timur, kalimantan barat, kalimantan selatan, kalimantan tengah, kalimantan timur, kepulauan bangka belitung, kepulauan riau, lampung, maluku, maluku utara, nusa tenggara barat, nusa tenggara timur, papua, riau, sulawesi barat, sulawesi selatan, sulawesi tengah, sulawesi tenggara, sulawesi utara, sumatera barat, sumatera selatan, sumatera utara, yogyakarta
388|jamaica|jm|jam|ardabil, azarbayjan-e gharbi, azarbayjan-e sharqi, bushehr, chahar mahall va bakhtiari, esfahan, fars, gilan, golestan, hamadan, hormozgan, ilam, kerman, kermanshah, khorasan-e janubi, khorasan-e razavi, khorasan-e shemali, khuzestan, kohgiluyeh va buyer ahmad, kordestan, lorestan, markazi, mazandaran, qazvin, qom, semnan, sistan va baluchestan, tehran, yazd, zanjan
392|japan|jp|jpn|al anbar, al basrah, al muthanna, al qadisiyah, an najaf, arbil, as sulaymaniyah, at ta'mim, babil, baghdad, dahuk, dhi qar, diyala, karbala', maysan, ninawa, salah ad din, wasit
400|jordan|jo|jor|carlow, cavan, clare, cork, donegal, dublin, galway, kerry, kildare, kilkenny, laois, leitrim, limerick, longford, louth, mayo, meath, monaghan, offaly, roscommon, sligo, tipperary, waterford, westmeath, wexford, wicklow
398|kazakhstan|kz|kaz|central, haifa, jerusalem, northern, southern, tel aviv
404|kenya|ke|ken|abruzzo, basilicata, calabria, campania, emilia-romagna, friuli-venezia giulia, lazio, liguria, lombardia, marche, molise, piemonte, puglia, sardegna, sicilia, toscana, trentino-alto adige, umbria, valle d'aosta, veneto
296|kiribati|ki|kir|clarendon, hanover, kingston, manchester, portland, saint andrew, saint ann, saint catherine, saint elizabeth, saint james, saint mary, saint thomas, trelawny, westmoreland
408|korea (democratic people's republic of)|kp|prk|aichi, akita, aomori, chiba, ehime, fukui, fukuoka, fukushima, gifu, gumma, hiroshima, hokkaido, hyogo, ibaraki, ishikawa, iwate, kagawa, kagoshima, kanagawa, kochi, kumamoto, kyoto, mie, miyagi, miyazaki, nagano, nagasaki, nara, niigata, oita, okayama, okinawa, osaka, saga, saitama, shiga, shimane, shizuoka, tochigi, tokushima, tokyo, tottori, toyama, wakayama, yamagata, yamaguchi, yamanashi
410|korea, republic of|kr|kor|ajlun, al 'aqabah, al balqa', al karak, al mafraq, 'amman, at tafilah, az zarqa', irbid, jarash, ma'an, madaba
414|kuwait|kw|kwt|almaty oblysy, almaty qalasy, aqmola oblysy, aqtobe oblysy, astana qalasy, atyrau oblysy, batys qazaqstan oblysy, bayqongyr qalasy, mangghystau oblysy, ongtustik qazaqstan oblysy, pavlodar oblysy, qaraghandy oblysy, qostanay oblysy, qyzylorda oblysy, shyghys qazaqstan oblysy, soltustik qazaqstan oblysy, zhambyl oblysy
417|kyrgyzstan|kg|kgz|central, coast, eastern, nairobi area, north eastern, nyanza, rift valley, western
418|lao people's democratic republic|la|lao|nan
428|latvia|lv|lva|chagang, north hamgyong, south hamgyong, north hwanghae, south hwanghae, kangwon, north p'yongan, south p'yongan, yanggang, kaesong, najin, namp'o, pyongyang
422|lebanon|lb|lbn|seoul, busan city, daegu city, incheon city, gwangju city, daejeon city, ulsan, gyeonggi province, gangwon province, north chungcheong province, south chungcheong province, north jeolla province, south jeolla province, north gyeongsang province, south gyeongsang province, jeju
426|lesotho|ls|lso|al ahmadi, al farwaniyah, al asimah, al jahra, hawalli, mubarak al-kabeer
430|liberia|lr|lbr|batken oblasty, bishkek shaary, chuy oblasty, jalal-abad oblasty, naryn oblasty, osh oblasty, talas oblasty, ysyk-kol oblasty
434|libya|ly|lby|attapu, bokeo, bolikhamxai, champasak, houaphan, khammouan, louangnamtha, louangphrabang, oudomxai, phongsali, salavan, savannakhet, viangchan, viangchan, xaignabouli, xaisomboun, xekong, xiangkhoang
438|liechtenstein|li|lie|aizkraukles rajons, aluksnes rajons, balvu rajons, bauskas rajons, cesu rajons, daugavpils, daugavpils rajons, dobeles rajons, gulbenes rajons, jekabpils rajons, jelgava, jelgavas rajons, jurmala, kraslavas rajons, kuldigas rajons, liepaja, liepajas rajons, limbazu rajons, ludzas rajons, madonas rajons, ogres rajons, preilu rajons, rezekne, rezeknes rajons, riga, rigas rajons, saldus rajons, talsu rajons, tukuma rajons, valkas rajons, valmieras rajons, ventspils, ventspils rajons
440|lithuania|lt|ltu|beyrouth, beqaa, liban-nord, liban-sud, mont-liban, nabatiye
442|luxembourg|lu|lux|berea, butha-buthe, leribe, mafeteng, maseru, mohale's hoek, mokhotlong, qacha's nek, quthing, thaba-tseka
450|madagascar|mg|mdg|bomi, bong, gbarpolu, grand bassa, grand cape mount, grand gedeh, grand kru, lofa, margibi, maryland, montserrado, nimba, river cess, river gee, sinoe
454|malawi|mw|mwi|ajdabiya, al 'aziziyah, al fatih, al jabal al akhdar, al jufrah, al khums, al kufrah, an nuqat al khams, ash shati', awbari, az zawiyah, banghazi, darnah, ghadamis, gharyan, misratah, murzuq, sabha, sawfajjin, surt, tarabulus, tarhunah, tubruq, yafran, zlitan
458|malaysia|my|mys|balzers, eschen, gamprin, mauren, planken, ruggell, schaan, schellenberg, triesen, triesenberg, vaduz
462|maldives|mv|mdv|alytaus, kauno, klaipedos, marijampoles, panevezio, siauliu, taurages, telsiu, utenos, vilniaus
466|mali|ml|mli|diekirch, grevenmacher, luxembourg
470|malta|mt|mlt|aerodrom, aracinovo, berovo, bitola, bogdanci, bogovinje, bosilovo, brvenica, butel, cair, caska, centar, centar zupa, cesinovo, cucer-sandevo, debar, debartsa, delcevo, demir hisar, demir kapija, dojran, dolneni, drugovo, gazi baba, gevgelija, gjorce petrov, gostivar, gradsko, ilinden, jegunovce, karbinci, karpos, kavadarci, kicevo, kisela voda, kocani, konce, kratovo, kriva palanka, krivogastani, krusevo, kumanovo, lipkovo, lozovo, makedonska kamenica, makedonski brod, mavrovo i rastusa, mogila, negotino, novaci, novo selo, ohrid, oslomej, pehcevo, petrovec, plasnica, prilep, probistip, radovis, rankovce, resen, rosoman, saraj, skopje, sopiste, staro nagoricane, stip, struga, strumica, studenicani, suto orizari, sveti nikole, tearce, tetovo, valandovo, vasilevo, veles, vevcani, vinica, vranestica, vrapciste, zajas, zelenikovo, zelino, zrnovci
584|marshall islands|mh|mhl|antananarivo, antsiranana, fianarantsoa, mahajanga, toamasina, toliara
478|mauritania|mr|mrt|balaka, blantyre, chikwawa, chiradzulu, chitipa, dedza, dowa, karonga, kasungu, likoma, lilongwe, machinga, mangochi, mchinji, mulanje, mwanza, mzimba, ntcheu, nkhata bay, nkhotakota, nsanje, ntchisi, phalombe, rumphi, salima, thyolo, zomba
480|mauritius|mu|mus|johor, kedah, kelantan, kuala lumpur, labuan, malacca, negeri sembilan, pahang, perak, perlis, penang, sabah, sarawak, selangor, terengganu
484|mexico|mx|mex|alifu, baa, dhaalu, faafu, gaafu alifu, gaafu dhaalu, gnaviyani, haa alifu, haa dhaalu, kaafu, laamu, lhaviyani, maale, meemu, noonu, raa, seenu, shaviyani, thaa, vaavu
583|micronesia (federated states of)|fm|fsm|bamako (capital), gao, kayes, kidal, koulikoro, mopti, segou, sikasso, tombouctou
498|moldova|md|mda|nan
492|monaco|mc|mco|nan
496|mongolia|mn|mng|adrar, assaba, brakna, dakhlet nouadhibou, gorgol, guidimaka, hodh ech chargui, hodh el gharbi, inchiri, nouakchott, tagant, tiris zemmour, trarza
499|montenegro|me|mne|agalega islands, black river, cargados carajos shoals, flacq, grand port, moka, pamplemousses, plaines wilhems, port louis, riviere du rempart, rodrigues, savanne
504|morocco|ma|mar|aguascalientes, baja california, baja california sur, campeche, chiapas, chihuahua, coahuila de zaragoza, colima, distrito federal, durango, guanajuato, guerrero, hidalgo, jalisco, mexico, michoacan de ocampo, morelos, nayarit, nuevo leon, oaxaca, puebla, queretaro de arteaga, quintana roo, san luis potosi, sinaloa, sonora, tabasco, tamaulipas, tlaxcala, veracruz-llave, yucatan, zacatecas
508|mozambique|mz|moz|nan
104|myanmar|mm|mmr|anenii noi, basarabeasca, briceni, cahul, cantemir, calarasi, causeni, cimislia, criuleni, donduseni, drochia, dubasari, edinet, falesti, floresti, glodeni, hincesti, ialoveni, leova, nisporeni, ocnita, orhei, rezina, riscani, singerei, soldanesti, soroca, stefan-voda, straseni, taraclia, telenesti, ungheni, balti, bender, chisinau, gagauzia, stinga nistrului
516|namibia|na|nam|arhangay, bayanhongor, bayan-olgiy, bulgan, darhan uul, dornod, dornogovi, dundgovi, dzavhan, govi-altay, govi-sumber, hentiy, hovd, hovsgol, omnogovi, orhon, ovorhangay, selenge, suhbaatar, tov, ulaanbaatar, uvs
520|nauru|nr|nru|agadir, al hoceima, azilal, beni mellal, ben slimane, boulemane, casablanca, chaouen, el jadida, el kelaa des sraghna, er rachidia, essaouira, fes, figuig, guelmim, ifrane, kenitra, khemisset, khenifra, khouribga, laayoune, larache, marrakech, meknes, nador, ouarzazate, oujda, rabat-sale, safi, settat, sidi kacem, tangier, tan-tan, taounate, taroudannt, tata, taza, tetouan, tiznit
524|nepal|np|npl|nan
528|netherlands|nl|nld|cabo delgado, gaza, inhambane, manica, maputo, cidade de maputo, nampula, niassa, sofala, tete, zambezia
554|new zealand|nz|nzl|caprivi, erongo, hardap, karas, khomas, kunene, ohangwena, okavango, omaheke, omusati, oshana, oshikoto, otjozondjupa
558|nicaragua|ni|nic|nan
562|niger|ne|ner|bagmati, bheri, dhawalagiri, gandaki, janakpur, karnali, kosi, lumbini, mahakali, mechi, narayani, rapti, sagarmatha, seti
566|nigeria|ng|nga|drenthe, flevoland, friesland, gelderland, groningen, limburg, noord-brabant, noord-holland, overijssel, utrecht, zeeland, zuid-holland
807|north macedonia|mk|mkd|auckland, bay of plenty, canterbury, chatham islands, gisborne, hawke's bay, manawatu-wanganui, marlborough, nelson, northland, otago, southland, taranaki, tasman, waikato, wellington, west coast
578|norway|no|nor|atlantico norte, atlantico sur, boaco, carazo, chinandega, chontales, esteli, granada, jinotega, leon, madriz, managua, masaya, matagalpa, nueva segovia, rio san juan, rivas
512|oman|om|omn|agadez, diffa, dosso, maradi, niamey, tahoua, tillaberi, zinder
586|pakistan|pk|pak|abia, abuja federal capital, adamawa, akwa ibom, anambra, bauchi, bayelsa, benue, borno, cross river, delta, ebonyi, edo, ekiti, enugu, gombe, imo, jigawa, kaduna, kano, katsina, kebbi, kogi, kwara, lagos, nassarawa, niger, ogun, ondo, osun, oyo, plateau, rivers, sokoto, taraba, yobe, zamfara
585|palau|pw|plw|akershus, aust-agder, buskerud, finnmark, hedmark, hordaland, more og romsdal, nordland, nord-trondelag, oppland, oslo, ostfold, rogaland, sogn og fjordane, sor-trondelag, telemark, troms, vest-agder, vestfold
591|panama|pa|pan|ad dakhiliyah, al batinah, al wusta, ash sharqiyah, az zahirah, masqat, musandam, dhofar
598|papua new guinea|pg|png|balochistan, north-west frontier province, punjab, sindh, islamabad capital territory, federally administered tribal areas
600|paraguay|py|pry|bocas del toro, chiriqui, cocle, colon, darien, herrera, los santos, panama, san blas, veraguas
604|peru|pe|per|bougainville, central, chimbu, eastern highlands, east new britain, east sepik, enga, gulf, madang, manus, milne bay, morobe, national capital, new ireland, northern, sandaun, southern highlands, western, western highlands, west new britain
608|philippines|ph|phl|alto paraguay, alto parana, amambay, asuncion, boqueron, caaguazu, caazapa, canindeyu, central, concepcion, cordillera, guaira, itapua, misiones, neembucu, paraguari, presidente hayes, san pedro
616|poland|pl|pol|amazonas, ancash, apurimac, arequipa, ayacucho, cajamarca, callao, cusco, huancavelica, huanuco, ica, junin, la libertad, lambayeque, lima, loreto, madre de dios, moquegua, pasco, piura, puno, san martin, tacna, tumbes, ucayali
620|portugal|pt|prt|abra, agusan del norte, agusan del sur, aklan, albay, antique, apayao, aurora, basilan, bataan, batanes, batangas, biliran, benguet, bohol, bukidnon, bulacan, cagayan, camarines norte, camarines sur, camiguin, capiz, catanduanes, cavite, cebu, compostela, davao del norte, davao del sur, davao oriental, eastern samar, guimaras, ifugao, ilocos norte, ilocos sur, iloilo, isabela, kalinga, laguna, lanao del norte, lanao del sur, la union, leyte, maguindanao, marinduque, masbate, mindoro occidental, mindoro oriental, misamis occidental, misamis oriental, mountain province, negros occidental, negros oriental, north cotabato, northern samar, nueva ecija, nueva vizcaya, palawan, pampanga, pangasinan, quezon, quirino, rizal, romblon, samar, sarangani, siquijor, sorsogon, south cotabato, southern leyte, sultan kudarat, sulu, surigao del norte, surigao del sur, tarlac, tawi-tawi, zambales, zamboanga del norte, zamboanga del sur, zamboanga sibugay
634|qatar|qa|qat|greater poland (wielkopolskie), kuyavian-pomeranian (kujawsko-pomorskie), lesser poland (malopolskie), lodz (lodzkie), lower silesian (dolnoslaskie), lublin (lubelskie), lubusz (lubuskie), masovian (mazowieckie), opole (opolskie), podlasie (podlaskie), pomeranian (pomorskie), silesian (slaskie), subcarpathian (podkarpackie), swietokrzyskie (swietokrzyskie), warmian-masurian (warminsko-mazurskie), west pomeranian (zachodniopomorskie)
642|romania|ro|rou|aveiro, acores, beja, braga, braganca, castelo branco, coimbra, evora, faro, guarda, leiria, lisboa, madeira, portalegre, porto, santarem, setubal, viana do castelo, vila real, viseu
643|russian federation|ru|rus|ad dawhah, al ghuwayriyah, al jumayliyah, al khawr, al wakrah, ar rayyan, jarayan al batinah, madinat ash shamal, umm sa'id, umm salal
646|rwanda|rw|rwa|alba, arad, arges, bacau, bihor, bistrita-nasaud, botosani, braila, brasov, bucuresti, buzau, calarasi, caras-severin, cluj, constanta, covasna, dimbovita, dolj, galati, gorj, giurgiu, harghita, hunedoara, ialomita, iasi, ilfov, maramures, mehedinti, mures, neamt, olt, prahova, salaj, satu mare, sibiu, suceava, teleorman, timis, tulcea, vaslui, vilcea, vrancea
659|saint kitts and nevis|kn|kna|amur, arkhangel'sk, astrakhan', belgorod, bryansk, chelyabinsk, chita, irkutsk, ivanovo, kaliningrad, kaluga, kamchatka, kemerovo, kirov, kostroma, kurgan, kursk, leningrad, lipetsk, magadan, moscow, murmansk, nizhniy novgorod, novgorod, novosibirsk, omsk, orenburg, orel, penza, perm', pskov, rostov, ryazan', sakhalin, samara, saratov, smolensk, sverdlovsk, tambov, tomsk, tula, tver', tyumen', ul'yanovsk, vladimir, volgograd, vologda, voronezh, yaroslavl', adygeya, altay, bashkortostan, buryatiya, chechnya, chuvashiya, dagestan, ingushetiya, kabardino-balkariya, kalmykiya, karachayevo-cherkesiya, kareliya, khakasiya, komi, mariy-el, mordoviya, sakha, north ossetia, tatarstan, tyva, udmurtiya, aga buryat, chukotka, evenk, khanty-mansi, komi-permyak, koryak, nenets, taymyr, ust'-orda buryat, yamalo-nenets, altay, khabarovsk, krasnodar, krasnoyarsk, primorskiy, stavropol', moscow, st. petersburg, yevrey
662|saint lucia|lc|lca|butare, byumba, cyangugu, gikongoro, gisenyi, gitarama, kibungo, kibuye, kigali rurale, kigali-ville, umutara, ruhengeri
670|saint vincent and the grenadines|vc|vct|a'ana, aiga-i-le-tai, atua, fa'asaleleaga, gaga'emauga, gagaifomauga, palauli, satupa'itea, tuamasaga, va'a-o-fonoti, vaisigano
882|samoa|ws|wsm|acquaviva, borgo maggiore, chiesanuova, domagnano, faetano, fiorentino, montegiardino, san marino citta, serravalle
674|san marino|sm|smr|nan
678|sao tome and principe|st|stp|al bahah, al hudud ash shamaliyah, al jawf, al madinah, al qasim, ar riyad, ash sharqiyah, 'asir, ha'il, jizan, makkah, najran, tabuk
682|saudi arabia|sa|sau|dakar, diourbel, fatick, kaolack, kolda, louga, matam, saint-louis, tambacounda, thies, ziguinchor
686|senegal|sn|sen|kosovo, montenegro, serbia, vojvodina
688|serbia|rs|srb|anse aux pins, anse boileau, anse etoile, anse louis, anse royale, baie lazare, baie sainte anne, beau vallon, bel air, bel ombre, cascade, glacis, grand' anse, grand' anse, la digue, la riviere anglaise, mont buxton, mont fleuri, plaisance, pointe la rue, port glaud, saint louis, takamaka
690|seychelles|sc|syc|nan
694|sierra leone|sl|sle|nan
702|singapore|sg|sgp|banskobystricky, bratislavsky, kosicky, nitriansky, presovsky, trenciansky, trnavsky, zilinsky
703|slovakia|sk|svk|ajdovscina, beltinci, benedikt, bistrica ob sotli, bled, bloke, bohinj, borovnica, bovec, braslovce, brda, brezice, brezovica, cankova, celje, cerklje na gorenjskem, cerknica, cerkno, cerkvenjak, crensovci, crna na koroskem, crnomelj, destrnik, divaca, dobje, dobrepolje, dobrna, dobrova-horjul-polhov gradec, dobrovnik-dobronak, dolenjske toplice, dol pri ljubljani, domzale, dornava, dravograd, duplek, gorenja vas-poljane, gorisnica, gornja radgona, gornji grad, gornji petrovci, grad, grosuplje, hajdina, hoce-slivnica, hodos-hodos, horjul, hrastnik, hrpelje-kozina, idrija, ig, ilirska bistrica, ivancna gorica, izola-isola, jesenice, jezersko, jursinci, kamnik, kanal, kidricevo, kobarid, kobilje, kocevje, komen, komenda, koper-capodistria, kostel, kozje, kranj, kranjska gora, krizevci, krsko, kungota, kuzma, lasko, lenart, lendava-lendva, litija, ljubljana, ljubno, ljutomer, logatec, loska dolina, loski potok, lovrenc na pohorju, luce, lukovica, majsperk, maribor, markovci, medvode, menges, metlika, mezica, miklavz na dravskem polju, miren-kostanjevica, mirna pec, mislinja, moravce, moravske toplice, mozirje, murska sobota, muta, naklo, nazarje, nova gorica, novo mesto, odranci, oplotnica, ormoz, osilnica, pesnica, piran-pirano, pivka, podcetrtek, podlehnik, podvelka, polzela, postojna, prebold, preddvor, prevalje, ptuj, puconci, race-fram, radece, radenci, radlje ob dravi, radovljica, ravne na koroskem, razkrizje, ribnica, ribnica na pohorju, rogasovci, rogaska slatina, rogatec, ruse, salovci, selnica ob dravi, semic, sempeter-vrtojba, sencur, sentilj, sentjernej, sentjur pri celju, sevnica, sezana, skocjan, skofja loka, skofljica, slovenj gradec, slovenska bistrica, slovenske konjice, smarje pri jelsah, smartno ob paki, smartno pri litiji, sodrazica, solcava, sostanj, starse, store, sveta ana, sveti andraz v slovenskih goricah, sveti jurij, tabor, tisina, tolmin, trbovlje, trebnje, trnovska vas, trzic, trzin, turnisce, velenje, velika polana, velike lasce, verzej, videm, vipava, vitanje, vodice, vojnik, vransko, vrhnika, vuzenica, zagorje ob savi, zalec, zavrc, zelezniki, zetale, ziri, zirovnica, zuzemberk, zrece
705|slovenia|si|svn|central, choiseul, guadalcanal, honiara, isabel, makira, malaita, rennell and bellona, temotu, western
90|solomon islands|sb|slb|awdal, bakool, banaadir, bari, bay, galguduud, gedo, hiiraan, jubbada dhexe, jubbada hoose, mudug, nugaal, sanaag, shabeellaha dhexe, shabeellaha hoose, sool, togdheer, woqooyi galbeed
706|somalia|so|som|eastern cape, free state, gauteng, kwazulu-natal, limpopo, mpumalanga, north-west, northern cape, western cape
710|south africa|za|zaf|andalucia, aragon, asturias, baleares, ceuta, canarias, cantabria, castilla-la mancha, castilla y leon, cataluna, comunidad valenciana, extremadura, galicia, la rioja, madrid, melilla, murcia, navarra, pais vasco
724|spain|es|esp|central, north central, north eastern, north western, sabaragamuwa, southern, uva, western
144|sri lanka|lk|lka|a'ali an nil, al bahr al ahmar, al buhayrat, al jazirah, al khartum, al qadarif, al wahdah, an nil al abyad, an nil al azraq, ash shamaliyah, bahr al jabal, gharb al istiwa'iyah, gharb bahr al ghazal, gharb darfur, gharb kurdufan, janub darfur, janub kurdufan, junqali, kassala, nahr an nil, shamal bahr al ghazal, shamal darfur, shamal kurdufan, sharq al istiwa'iyah, sinnar, warab
729|sudan|sd|sdn|brokopondo, commewijne, coronie, marowijne, nickerie, para, paramaribo, saramacca, sipaliwini, wanica
740|suriname|sr|sur|hhohho, lubombo, manzini, shiselweni
752|sweden|se|swe|blekinge, dalarnas, gavleborgs, gotlands, hallands, jamtlands, jonkopings, kalmar, kronobergs, norrbottens, orebro, ostergotlands, skane, sodermanlands, stockholms, uppsala, varmlands, vasterbottens, vasternorrlands, vastmanlands, vastra gotalands
756|switzerland|ch|che|aargau, appenzell ausser-rhoden, appenzell inner-rhoden, basel-landschaft, basel-stadt, bern, fribourg, geneve, glarus, graubunden, jura, luzern, neuchatel, nidwalden, obwalden, sankt gallen, schaffhausen, schwyz, solothurn, thurgau, ticino, uri, valais, vaud, zug, zurich
760|syria|sy|syr|al hasakah, al ladhiqiyah, al qunaytirah, ar raqqah, as suwayda', dar'a, dayr az zawr, dimashq, halab, hamah, hims, idlib, rif dimashq, tartus
762|tajikistan|tj|tjk|chang-hua, chia-i, hsin-chu, hua-lien, i-lan, kao-hsiung, kin-men, lien-chiang, miao-li, nan-t'ou, p'eng-hu, p'ing-tung, t'ai-chung, t'ai-nan, t'ai-pei, t'ai-tung, t'ao-yuan, yun-lin, chia-i, chi-lung, hsin-chu, t'ai-chung, t'ai-nan, kao-hsiung city, t'ai-pei city
834|tanzania, united republic of|tz|tza|nan
764|thailand|th|tha|arusha, dar es salaam, dodoma, iringa, kagera, kigoma, kilimanjaro, lindi, manyara, mara, mbeya, morogoro, mtwara, mwanza, pemba north, pemba south, pwani, rukwa, ruvuma, shinyanga, singida, tabora, tanga, zanzibar central/south, zanzibar north, zanzibar urban/west
626|timor-leste|tl|tls|amnat charoen, ang thong, buriram, chachoengsao, chai nat, chaiyaphum, chanthaburi, chiang mai, chiang rai, chon buri, chumphon, kalasin, kamphaeng phet, kanchanaburi, khon kaen, krabi, krung thep mahanakhon, lampang, lamphun, loei, lop buri, mae hong son, maha sarakham, mukdahan, nakhon nayok, nakhon pathom, nakhon phanom, nakhon ratchasima, nakhon sawan, nakhon si thammarat, nan, narathiwat, nong bua lamphu, nong khai, nonthaburi, pathum thani, pattani, phangnga, phatthalung, phayao, phetchabun, phetchaburi, phichit, phitsanulok, phra nakhon si ayutthaya, phrae, phuket, prachin buri, prachuap khiri khan, ranong, ratchaburi, rayong, roi et, sa kaeo, sakon nakhon, samut prakan, samut sakhon, samut songkhram, sara buri, satun, sing buri, sisaket, songkhla, sukhothai, suphan buri, surat thani, surin, tak, trang, trat, ubon ratchathani, udon thani, uthai thani, uttaradit, yala, yasothon
768|togo|tg|tgo|kara, plateaux, savanes, centrale, maritime
776|tonga|to|ton|nan
780|trinidad and tobago|tt|tto|couva, diego martin, mayaro, penal, princes town, sangre grande, san juan, siparia, tunapuna, port-of-spain, san fernando, arima, point fortin, chaguanas, tobago
788|tunisia|tn|tun|ariana (aryanah), beja (bajah), ben arous (bin 'arus), bizerte (banzart), gabes (qabis), gafsa (qafsah), jendouba (jundubah), kairouan (al qayrawan), kasserine (al qasrayn), kebili (qibili), kef (al kaf), mahdia (al mahdiyah), manouba (manubah), medenine (madanin), monastir (al munastir), nabeul (nabul), sfax (safaqis), sidi bou zid (sidi bu zayd), siliana (silyanah), sousse (susah), tataouine (tatawin), tozeur (tawzar), tunis, zaghouan (zaghwan)
792|turkey|tr|tur|adana, adiyaman, afyonkarahisar, agri, aksaray, amasya, ankara, antalya, ardahan, artvin, aydin, balikesir, bartin, batman, bayburt, bilecik, bingol, bitlis, bolu, burdur, bursa, canakkale, cankiri, corum, denizli, diyarbakir, duzce, edirne, elazig, erzincan, erzurum, eskisehir, gaziantep, giresun, gumushane, hakkari, hatay, igdir, isparta, istanbul, izmir, kahramanmaras, karabuk, karaman, kars, kastamonu, kayseri, kilis, kirikkale, kirklareli, kirsehir, kocaeli, konya, kutahya, malatya, manisa, mardin, mersin, mugla, mus, nevsehir, nigde, ordu, osmaniye, rize, sakarya, samsun, sanliurfa, siirt, sinop, sirnak, sivas, tekirdag, tokat, trabzon, tunceli, usak, van, yalova, yozgat, zonguldak
795|turkmenistan|tm|tkm|ahal welayaty (ashgabat), balkan welayaty (balkanabat), dashoguz welayaty, lebap welayaty (turkmenabat), mary welayaty
800|uganda|ug|uga|adjumani, apac, arua, bugiri, bundibugyo, bushenyi, busia, gulu, hoima, iganga, jinja, kabale, kabarole, kaberamaido, kalangala, kampala, kamuli, kamwenge, kanungu, kapchorwa, kasese, katakwi, kayunga, kibale, kiboga, kisoro, kitgum, kotido, kumi, kyenjojo, lira, luwero, masaka, masindi, mayuge, mbale, mbarara, moroto, moyo, mpigi, mubende, mukono, nakapiripirit, nakasongola, nebbi, ntungamo, pader, pallisa, rakai, rukungiri, sembabule, sironko, soroti, tororo, wakiso, yumbe
804|ukraine|ua|ukr|cherkasy, chernihiv, chernivtsi, crimea, dnipropetrovs'k, donets'k, ivano-frankivs'k, kharkiv, kherson, khmel'nyts'kyy, kirovohrad, kiev, kyyiv, luhans'k, l'viv, mykolayiv, odesa, poltava, rivne, sevastopol', sumy, ternopil', vinnytsya, volyn', zakarpattya, zaporizhzhya, zhytomyr
784|united arab emirates|ae|are|abu dhabi, 'ajman, al fujayrah, sharjah, dubai, ra's al khaymah, umm al qaywayn
826|united kingdom|gb|gbr|nan
840|united states|us|usa|alabama, alaska, arizona, arkansas, california, colorado, connecticut, delaware, district of columbia, florida, georgia, hawaii, idaho, illinois, indiana, iowa, kansas, kentucky, louisiana, maine, maryland, massachusetts, michigan, minnesota, mississippi, missouri, montana, nebraska, nevada, new hampshire, new jersey, new mexico, new york, north carolina, north dakota, ohio, oklahoma, oregon, pennsylvania, rhode island, south carolina, south dakota, tennessee, texas, utah, vermont, virginia, washington, west virginia, wisconsin, wyoming
858|uruguay|uy|ury|artigas, canelones, cerro largo, colonia, durazno, flores, florida, lavalleja, maldonado, montevideo, paysandu, rio negro, rivera, rocha, salto, san jose, soriano, tacuarembo, treinta y tres
860|uzbekistan|uz|uzb|andijon viloyati, buxoro viloyati, farg'ona viloyati, jizzax viloyati, namangan viloyati, navoiy viloyati, qashqadaryo viloyati, qaraqalpog'iston respublikasi, samarqand viloyati, sirdaryo viloyati, surxondaryo viloyati, toshkent shahri, toshkent viloyati, xorazm viloyati
548|vanuatu|vu|vut|malampa, penama, sanma, shefa, tafea, torba
862|venezuela|ve|ven|amazonas, anzoategui, apure, aragua, barinas, bolivar, carabobo, cojedes, delta amacuro, dependencias federales, distrito federal, falcon, guarico, lara, merida, miranda, monagas, nueva esparta, portuguesa, sucre, tachira, trujillo, vargas, yaracuy, zulia
704|vietnam|vn|vnm|an giang, bac giang, bac kan, bac lieu, bac ninh, ba ria-vung tau, ben tre, binh dinh, binh duong, binh phuoc, binh thuan, ca mau, cao bang, dac lak, dac nong, dien bien, dong nai, dong thap, gia lai, ha giang, hai duong, ha nam, ha tay, ha tinh, hau giang, hoa binh, hung yen, khanh hoa, kien giang, kon tum, lai chau, lam dong, lang son, lao cai, long an, nam dinh, nghe an, ninh binh, ninh thuan, phu tho, phu yen, quang binh, quang nam, quang ngai, quang ninh, quang tri, soc trang, son la, tay ninh, thai binh, thai nguyen, thanh hoa, thua thien-hue, tien giang, tra vinh, tuyen quang, vinh long, vinh phuc, yen bai, can tho, da nang, hai phong, hanoi, ho chi minh
887|yemen|ye|yem|abyan, 'adan, ad dali', al bayda', al hudaydah, al jawf, al mahrah, al mahwit, 'amran, dhamar, hadramawt, hajjah, ibb, lahij, ma'rib, sa'dah, san'a', shabwah, ta'izz
894|zambia|zm|zmb|central, copperbelt, eastern, luapula, lusaka, northern, north-western, southern, western
716|zimbabwe|zw|zwe|bulawayo, harare, manicaland, mashonaland central, mashonaland east, mashonaland west, masvingo, matabeleland north, matabeleland south, midlands
